[
  {
    "player_name": "Gautam Gambhir",
    "player_img_url": "KolkataKnightRiders/gautam_gambhir.png",
    "player_role": "Batsman",
    "player_batting_style": "left_handed",
    "player_bowling_style": "Right-arm leg spin",
    "player_nationality": "Indian",
    "player_dob": "14 October 1981",
    "destination_folder_name":"/IPL/Kolkata-Knight-Riders/"
  },
  {
    "player_name": "Andre Russell",
    "player_img_url": "KolkataKnightRiders/andre_russell.png",
    "player_role": "All-rounder",
    "player_batting_style": "Right-handed",
    "player_bowling_style": "Right-arm fast",
    "player_nationality": "West Indian",
    "player_dob": "29 April 1988",
    "destination_folder_name":"/IPL/Kolkata-Knight-Riders/"
  },
  {
    "player_name": "Ankit Rajpoot",
    "player_img_url": "KolkataKnightRiders/ankit_rajpoot.png",
    "player_role": "Bowler",
    "player_batting_style": "Right-handed",
    "player_bowling_style": "Right-arm medium",
    "player_nationality": "Indian",
    "player_dob": "04 December 1993",
    "destination_folder_name":"/IPL/Kolkata-Knight-Riders/"
  },
  {
    "player_name": "Brad Hogg",
    "player_img_url": "KolkataKnightRiders/brad_hogg.png",
    "player_role": "All-rounder",
    "player_batting_style": "Left-handed",
    "player_bowling_style": "Left-arm chinaman",
    "player_nationality": "Australian",
    "player_dob": "06 February 1971",
    "destination_folder_name":"/IPL/Kolkata-Knight-Riders/"
  },
  {
    "player_name": "Chris Lynn",
    "player_img_url": "KolkataKnightRiders/chris_lynn.png",
    "player_role": "Batsman",
    "player_batting_style": "Right-handed",
    "player_bowling_style": "Left-arm orthodox spin",
    "player_nationality": "Australian",
    "player_dob": "10 April 1990",
    "destination_folder_name":"/IPL/Kolkata-Knight-Riders/"
  },
  {
    "player_name": "Colin Munro",
    "player_img_url": "KolkataKnightRiders/colin_munro.png",
    "player_role": "Batsmen",
    "player_batting_style": "Left-handed",
    "player_bowling_style": "Right arm medium",
    "player_nationality": "New Zealander",
    "player_dob": "11 March 1987",
    "destination_folder_name":"/IPL/Kolkata-Knight-Riders/"
  },
  {
    "player_name": "Jason Holder",
    "player_img_url": "KolkataKnightRiders/jason_holder.png",
    "player_role": "All-rounder",
    "player_batting_style": "Right-hand bat",
    "player_bowling_style": "Right-arm medium fast",
    "player_nationality": "West Indian",
    "player_dob": "05 November 1991",
    "destination_folder_name":"/IPL/Kolkata-Knight-Riders/"
  },
  {
    "player_name": "Jaydev Unadkat",
    "player_img_url": "KolkataKnightRiders/jaydev_unadkat.png",
    "player_role": "Bowler",
    "player_batting_style": "Left-handed",
    "player_bowling_style": "Left-arm medium fast",
    "player_nationality": "Indian",
    "player_dob": "18 October 1991",
    "destination_folder_name":"/IPL/Kolkata-Knight-Riders/"
  },
  {
    "player_name": "John Hastings",
    "player_img_url": "KolkataKnightRiders/john_hastings.png",
    "player_role": "All-rounder",
    "player_batting_style": "Right-handed",
    "player_bowling_style": "Right-arm medium",
    "player_nationality": "Australian",
    "player_dob": "04 November 1985",
    "destination_folder_name":"/IPL/Kolkata-Knight-Riders/"
  },
  {
    "player_name": "Kuldeep Yadav",
    "player_img_url": "KolkataKnightRiders/kuldeep_yadav.png",
    "player_role": "All-rounder",
    "player_batting_style": "Left-handed",
    "player_bowling_style": "Left-arm orthodox spin",
    "player_nationality": "Indian",
    "player_dob": "14 December 1994",
    "destination_folder_name":"/IPL/Kolkata-Knight-Riders/"
  },
  {
    "player_name": "Manan Sharma",
    "player_img_url": "KolkataKnightRiders/manan_sharma.png",
    "player_role": "All -rounder",
    "player_batting_style": "Left-handed",
    "player_bowling_style": "left-arm spin",
    "player_nationality": "Indian",
    "player_dob": "19 March 1991",
    "destination_folder_name":"/IPL/Kolkata-Knight-Riders/"
  },
  {
    "player_name": "Manish Pandey",
    "player_img_url": "KolkataKnightRiders/manish_pandey.png",
    "player_role": "Batsman",
    "player_batting_style": "Right-handed",
    "player_bowling_style": "Right-arm off-spin",
    "player_nationality": "Indian",
    "player_dob": "10 September 1989",
    "destination_folder_name":"/IPL/Kolkata-Knight-Riders/"
  },
  {
    "player_name": "Morne Morkel",
    "player_img_url": "KolkataKnightRiders/morne_morkel.png",
    "player_role": "Bowler",
    "player_batting_style": "Left-handed",
    "player_bowling_style": "Right-arm fast",
    "player_nationality": "South African",
    "player_dob": "06 October 1984",
    "destination_folder_name":"/IPL/Kolkata-Knight-Riders/"
  },
  {
    "player_name": "Piyush Chawla",
    "player_img_url": "KolkataKnightRiders/piyush_chawla.png",
    "player_role": "Bowling All-rounder",
    "player_batting_style": "Right-handed",
    "player_bowling_style": "Right-arm leg spin",
    "player_nationality": "Indian",
    "player_dob": "24 December 1988",
    "destination_folder_name":"/IPL/Kolkata-Knight-Riders/"
  },
  {
    "player_name": "Rajagopal Sathish",
    "player_img_url": "KolkataKnightRiders/rajagopal_sathish.png",
    "player_role": "All-rounder",
    "player_batting_style": "Right-handed",
    "player_bowling_style": "Right-arm medium",
    "player_nationality": "Indian",
    "player_dob": "14 January 1981",
    "destination_folder_name":"/IPL/Kolkata-Knight-Riders/"
  },
  {
    "player_name": "Robin Uthappa",
    "player_img_url": "KolkataKnightRiders/robin_uthappa.png",
    "player_role": "Batsman",
    "player_batting_style": "Right-handed",
    "player_bowling_style": "Right-arm medium",
    "player_nationality": "Indian",
    "player_dob": "11 November 1985",
    "destination_folder_name":"/IPL/Kolkata-Knight-Riders/"
  },
  {
    "player_name": "Shakib Al Hasan",
    "player_img_url": "KolkataKnightRiders/shakib_al_hasan.png",
    "player_role": "All-rounder",
    "player_batting_style": "Left-handed",
    "player_bowling_style": "Left-arm orthodox spin",
    "player_nationality": "Bangladeshi",
    "player_dob": "24 March 1987",
    "destination_folder_name":"/IPL/Kolkata-Knight-Riders/"
  },
  {
    "player_name": "Sheldon Jackson",
    "player_img_url": "KolkataKnightRiders/sheldon_jackson.png",
    "player_role": "Wicketkeeper-batsman",
    "player_batting_style": "Right-handed",
    "player_bowling_style": "-",
    "player_nationality": "Indian",
    "player_dob": "27 September 1986",
    "destination_folder_name":"/IPL/Kolkata-Knight-Riders/"
  },
  {
    "player_name": "Sunil Narine",
    "player_img_url": "KolkataKnightRiders/sunil_narine.png",
    "player_role": "Bowler",
    "player_batting_style": "Left-handed",
    "player_bowling_style": "Right-arm off-spin",
    "player_nationality": "West Indian",
    "player_dob": "26 May 1988",
    "destination_folder_name":"/IPL/Kolkata-Knight-Riders/"
  },
  {
    "player_name": "Suryakumar Yadav",
    "player_img_url": "KolkataKnightRiders/suryakumar_yadav.png",
    "player_role": "Batsman",
    "player_batting_style": "Right-handed",
    "player_bowling_style": "Right-arm medium",
    "player_nationality": "Indian",
    "player_dob": "14 September 1990",
    "destination_folder_name":"/IPL/Kolkata-Knight-Riders/"
  },
  {
    "player_name": "Umesh Yadav",
    "player_img_url": "KolkataKnightRiders/umesh_yadav.png",
    "player_role": "Bowler",
    "player_batting_style": "Right-handed",
    "player_bowling_style": "Right-arm medium fast",
    "player_nationality": "Indian",
    "player_dob": "25 October 1987",
    "destination_folder_name":"/IPL/Kolkata-Knight-Riders/"
  },
  {
    "player_name": "Yusuf Pathan",
    "player_img_url": "KolkataKnightRiders/yusuf_pathan.png",
    "player_role": "Batsman",
    "player_batting_style": "Right-handed",
    "player_bowling_style": "Right-arm off-spin",
    "player_nationality": "Indian",
    "player_dob": "17 November 1982",
    "destination_folder_name":"/IPL/Kolkata-Knight-Riders/"
  }
]
