[
 {
   "player_name": "MS Dhoni",
   "player_img_url": "RisingPuneSuperGiants/m_s_dhoni.png",
   "player_role": "Wicketkeeper batsman",
   "player_batting_style": "Right-handed",
   "player_bowling_style": "Right-arm medium",
   "player_nationality": "Indian",
   "player_dob": "07 July 1981",
   "destination_folder_name":"/IPL/Rising-Pune-Supergiants"
 },
 {
   "player_name": "Ankit Sharma",
   "player_img_url": "RisingPuneSuperGiants/ankit_sharma.png",
   "player_role": "Bowling All-rounder",
   "player_batting_style": "Left-handed",
   "player_bowling_style": "Left-arm orthodox spin",
   "player_nationality": "Indian",
   "player_dob": "20 April 1991",
   "destination_folder_name":"/IPL/Rising-Pune-Supergiants"
 },
 {
   "player_name": "Baba Aparajith",
   "player_img_url": "RisingPuneSuperGiants/baba_aparajith.png",
   "player_role": "All-rounder",
   "player_batting_style": "Right-handed",
   "player_bowling_style": "Right-arm offbreak",
   "player_nationality": "Indian",
   "player_dob": "08 July 1994",
   "destination_folder_name":"/IPL/Rising-Pune-Supergiants"
 },
 {
   "player_name": "Ravichandran Ashwin",
   "player_img_url": "RisingPuneSuperGiants/ravichandran_ashwin.png",
   "player_role": "Bowling All-rounder",
   "player_batting_style": "Right-handed",
   "player_bowling_style": "Right-arm off-spin",
   "player_nationality": "Indian",
   "player_dob": "17 September 1986",
   "destination_folder_name":"/IPL/Rising-Pune-Supergiants"
 },
 {
   "player_name": "Murugan Ashwin",
   "player_img_url": "RisingPuneSuperGiants/murugan_ashwin.png",
   "player_role": "Bowler",
   "player_batting_style": "Right-handed",
   "player_bowling_style": "Legbreak googly",
   "player_nationality": "Indian",
   "player_dob": "08 September 1990",
   "destination_folder_name":"/IPL/Rising-Pune-Supergiants"
 },
 {
   "player_name": "Ankush Bains",
   "player_img_url": "RisingPuneSuperGiants/ankush_bains.png",
   "player_role": "Wicketkeeper batsman",
   "player_batting_style": "Right-handed",
   "player_bowling_style": "-",
   "player_nationality": "Indian",
   "player_dob": "16 December 1995",
   "destination_folder_name":"/IPL/Rising-Pune-Supergiants"
 },
 {
   "player_name": "Rajat Bhatia",
   "player_img_url": "RisingPuneSuperGiants/rajat_bhatia.png",
   "player_role": "All-rounder",
   "player_batting_style": "Right-handed",
   "player_bowling_style": "Right-arm medium fast",
   "player_nationality": "Indian",
   "player_dob": "22 October 1979",
   "destination_folder_name":"/IPL/Rising-Pune-Supergiants"
 },
 {
   "player_name": "Scott Boland",
   "player_img_url": "RisingPuneSuperGiants/scott_boland.png",
   "player_role": "Batting",
   "player_batting_style": "Right-handed",
   "player_bowling_style": "Right-arm fast-medium",
   "player_nationality": "Australian",
   "player_dob": "11 April 1989",
   "destination_folder_name":"/IPL/Rising-Pune-Supergiants"
 },
 {
   "player_name": "Deepak Chahar",
   "player_img_url": "RisingPuneSuperGiants/deepak_chahar.png",
   "player_role": "Bowler",
   "player_batting_style": "Right-handed",
   "player_bowling_style": "Right-arm medium",
   "player_nationality": "Indian",
   "player_dob": "07 August 1992",
   "destination_folder_name":"/IPL/Rising-Pune-Supergiants"
 },
 {
   "player_name": "Ashok Dinda",
   "player_img_url": "RisingPuneSuperGiants/ashok_dinda.png",
   "player_role": "Bowler",
   "player_batting_style": "Right-handed",
   "player_bowling_style": "Right-arm medium fast",
   "player_nationality": "Indian",
   "player_dob": "25 March 1984",
   "destination_folder_name":"/IPL/Rising-Pune-Supergiants"
 },
 {
   "player_name": "Francois du Plessis",
   "player_img_url": "RisingPuneSuperGiants/francois_du_plessis.png",
   "player_role": "All-rounder",
   "player_batting_style": "Right-handed",
   "player_bowling_style": "Right-arm leg spin",
   "player_nationality": "South African",
   "player_dob": "13 July 1984",
   "destination_folder_name":"/IPL/Rising-Pune-Supergiants"
 },
 {
   "player_name": "Peter Handscomb",
   "player_img_url": "RisingPuneSuperGiants/peter_handscomb.png",
   "player_role": "Batsman",
   "player_batting_style": "Right-handed",
   "player_bowling_style": "-",
   "player_nationality": "Australian",
   "player_dob": "26 April 1991",
   "destination_folder_name":"/IPL/Rising-Pune-Supergiants"
 },
 {
   "player_name": "Jaskaran Singh",
   "player_img_url": "RisingPuneSuperGiants/jaskaran_singh.png",
   "player_role": "Bowler",
   "player_batting_style": "Right-handed",
   "player_bowling_style": "Right-arm medium",
   "player_nationality": "Indian",
   "player_dob": "04 September 1989",
   "destination_folder_name":"/IPL/Rising-Pune-Supergiants"
 },
 {
   "player_name": "Mitchell Marsh",
   "player_img_url": "RisingPuneSuperGiants/mitchell_marsh.png",
   "player_role": "All-rounder",
   "player_batting_style": "Right-handed",
   "player_bowling_style": "Right-arm medium",
   "player_nationality": "Australian",
   "player_dob": "20 October 1991",
   "destination_folder_name":"/IPL/Rising-Pune-Supergiants"
 },
 {
   "player_name": "Albie Morkel",
   "player_img_url": "RisingPuneSuperGiants/albie_morkel.png",
   "player_role": "All-rounder",
   "player_batting_style": "Left-handed",
   "player_bowling_style": "Right-arm medium fast",
   "player_nationality": "South African",
   "player_dob": "10 June 1981",
   "destination_folder_name":"/IPL/Rising-Pune-Supergiants"
 },
 {
   "player_name": "Ishwar Pandey",
   "player_img_url": "RisingPuneSuperGiants/ishwar_pandey.png",
   "player_role": "Bowler",
   "player_batting_style": "Right-handed",
   "player_bowling_style": "Right-arm medium",
   "player_nationality": "Indian",
   "player_dob": "15 August 1989",
   "destination_folder_name":"/IPL/Rising-Pune-Supergiants"
 },
 {
   "player_name": "Irfan Pathan",
   "player_img_url": "RisingPuneSuperGiants/irfan_pathan.png",
   "player_batting_style": "Left-handed",
   "player_bowling_style": "Left-arm medium fast",
   "player_nationality": "Indian",
   "player_dob": "27 October 1984",
   "destination_folder_name":"/IPL/Rising-Pune-Supergiants"
 },
 {
   "player_name": "Thisara Perera",
   "player_img_url": "RisingPuneSuperGiants/thisara_perera.png",
   "player_role": "All-rounder",
   "player_batting_style": "Left-handed",
   "player_bowling_style": "Right-arm medium fast",
   "player_nationality": "Sri Lankan",
   "player_dob": "03 April 1989",
   "destination_folder_name":"/IPL/Rising-Pune-Supergiants"
 },
 {
   "player_name": "Kevin Pietersen",
   "player_img_url": "RisingPuneSuperGiants/kevin_pietersen.png",
   "player_role": "Batsman",
   "player_batting_style": "Right-handed",
   "player_bowling_style": "Right-arm off-spin",
   "player_nationality": "English",
   "player_dob": "27 June 1980",
   "destination_folder_name":"/IPL/Rising-Pune-Supergiants"
 },
 {
   "player_name": "Ajinkya Rahane",
   "player_img_url": "RisingPuneSuperGiants/ajinkya_rahane.png",
   "player_role": "Batsman",
   "player_batting_style": "Right-handed",
   "player_bowling_style": "Right-arm medium",
   "player_nationality": "Indian",
   "player_dob": "06 June 1988",
   "destination_folder_name":"/IPL/Rising-Pune-Supergiants"
 },
 {
   "player_name": "Ishant Sharma",
   "player_img_url": "RisingPuneSuperGiants/ishant_sharma.png",
   "player_role": "Bowler",
   "player_batting_style": "Right-handed",
   "player_bowling_style": "Right-arm medium fast",
   "player_nationality": "Indian",
   "player_dob": "02 September 1988",
   "destination_folder_name":"/IPL/Rising-Pune-Supergiants"
 },
 {
   "player_name": "RP Singh",
   "player_img_url": "RisingPuneSuperGiants/r_p_singh.png",
   "player_role": "Bowler",
   "player_batting_style": "Right-handed",
   "player_bowling_style": "Left-arm medium",
   "player_nationality": "Indian",
   "player_dob": "06 December 1985",
   "destination_folder_name":"/IPL/Rising-Pune-Supergiants"
 },
 {
   "player_name": "Steve Smith",
   "player_img_url": "RisingPuneSuperGiants/steve_smith.png",
   "player_role": "Bowler",
   "player_batting_style": "Right-handed",
   "player_bowling_style": "Right-arm leg spin",
   "player_nationality": "Australian",
   "player_dob": "02 June 1989",
   "destination_folder_name":"/IPL/Rising-Pune-Supergiants"
 },
 {
   "player_name": "Saurabh Tiwary",
   "player_img_url": "RisingPuneSuperGiants/saurabh_tiwary.png",
   "player_role": "Batsman",
   "player_batting_style": "Left-handed",
   "player_bowling_style": "-",
   "player_nationality": "Indian",
   "player_dob": "30 December 1989",
   "destination_folder_name":"/IPL/Rising-Pune-Supergiants"
 },
 {
   "player_name": "Adam Zampa",
   "player_img_url": "RisingPuneSuperGiants/adam_zampa.png",
   "player_role": "Bowler",
   "player_batting_style": "Right-handed",
   "player_bowling_style": "Legbreak googly",
   "player_nationality": "Australian",
   "player_dob": "31 March 1992",
   "destination_folder_name":"/IPL/Rising-Pune-Supergiants"
 },
 {
   "player_name": "Usman Khawaja",
   "player_img_url": "RisingPuneSuperGiants/usman_khawaja.png",
   "player_role": "Batsman",
   "player_batting_style": "Left-handed",
   "player_bowling_style": "-",
   "player_nationality": "Australian",
   "player_dob": "18 December 1986",
   "destination_folder_name":"/IPL/Rising-Pune-Supergiants"
 },
 {
   "player_name": "George Bailey",
   "player_img_url": "RisingPuneSuperGiants/george_bailey.png",
   "player_role": "Batsman",
   "player_batting_style": "Right-handed",
   "player_bowling_style": "Right-arm medium",
   "player_nationality": "Australian",
   "player_dob": "07 September 1982",
   "destination_folder_name":"/IPL/Rising-Pune-Supergiants"
 }
]
