[
 {
   "player_name": "Virat Kohli",
   "player_img_url": "RoyalChallengersBangalore/virat_kohli.png",
   "player_role": "Batsman",
   "player_batting_style": "Right-handed",
   "player_bowling_style": "Right-arm medium",
   "player_nationality": "Indian",
   "player_dob": "05 November 1988",
   "destination_folder_name":"/IPL/Royal-Challengers-Bangalore/"
 },
 {
   "player_name": "Varun Aaron",
   "player_img_url": "RoyalChallengersBangalore/varun_aaron.png",
   "player_role": "Bowler",
   "player_batting_style": "Right-handed",
   "player_bowling_style": "Right-arm fast",
   "player_nationality": "Indian",
   "player_dob": "29 October 1989",
   "destination_folder_name":"/IPL/Royal-Challengers-Bangalore/"
 },
 {
   "player_name": "Abu Nechim",
   "player_img_url": "RoyalChallengersBangalore/abu_nechim.png",
   "player_role": "Bowler",
   "player_batting_style": "Right-handed",
   "player_bowling_style": "Right-arm medium fast",
   "player_nationality": "Indian",
   "player_dob": "05 November 1988",
   "destination_folder_name":"/IPL/Royal-Challengers-Bangalore/"
 },
 {
   "player_name": "Sreenath Aravind",
   "player_img_url": "RoyalChallengersBangalore/sreenath_aravind.png",
   "player_role": "Bowler",
   "player_batting_style": "Left-handed",
   "player_bowling_style": "Left-arm medium fast",
   "player_nationality": "Indian",
   "player_dob": "08 April 1984",
   "destination_folder_name":"/IPL/Royal-Challengers-Bangalore/"
 },
 {
   "player_name": "Samuel Badree",
   "player_img_url": "RoyalChallengersBangalore/samuel_badri.png",
   "player_role": "Bowler",
   "player_batting_style": "Right-handed",
   "player_bowling_style": "Right-arm leg spin",
   "player_nationality": "West Indian",
   "player_dob": "09 March 1981",
   "destination_folder_name":"/IPL/Royal-Challengers-Bangalore/"
 },
 {
   "player_name": "Stuart Binny",
   "player_img_url": "RoyalChallengersBangalore/stuart_binny.png",
   "player_role": "All-rounder",
   "player_batting_style": "Right-handed",
   "player_bowling_style": "Right-arm medium",
   "player_nationality": "Indian",
   "player_dob": "03 June 1984",
   "destination_folder_name":"/IPL/Royal-Challengers-Bangalore/"
 },
 {
   "player_name": "Yuzvendra Chahal",
   "player_img_url": "RoyalChallengersBangalore/yuzvendra_chahal.png",
   "player_role": "Bowler",
   "player_batting_style": "Right-handed",
   "player_bowling_style": "Right-arm leg spin",
   "player_nationality": "Indian",
   "player_dob": "23 July 1990",
   "destination_folder_name":"/IPL/Royal-Challengers-Bangalore/"
 },
 {
   "player_name": "AB de Villiers",
   "player_img_url": "RoyalChallengersBangalore/ab_de_villiers.png",
   "player_role": "Wicketkeeper batsman",
   "player_batting_style": "Right-handed",
   "player_bowling_style": "Right-arm medium",
   "player_nationality": "Indian",
   "player_dob": "17 February 1984",
   "destination_folder_name":"/IPL/Royal-Challengers-Bangalore/"
 },
 {
   "player_name": "Praveen Dubey",
   "player_img_url": "RoyalChallengersBangalore/praveen_dubey.png",
   "player_role": "Bowling all-rounder",
   "player_batting_style": "Right-handed",
   "player_bowling_style": "-",
   "player_nationality": "Indian",
   "player_dob": "01 July 1993",
   "destination_folder_name":"/IPL/Royal-Challengers-Bangalore/"
 },
 {
   "player_name": "Chris Gayle",
   "player_img_url": "RoyalChallengersBangalore/chris_gayle.png",
   "player_role": "All-rounder",
   "player_batting_style": "Left-handed",
   "player_bowling_style": "Right-arm off-spin",
   "player_nationality": "West Indian",
   "player_dob": "21 September 1979",
   "destination_folder_name":"/IPL/Royal-Challengers-Bangalore/"
 },
 {
   "player_name": "Travis Head",
   "player_img_url": "RoyalChallengersBangalore/travis_head.png",
   "player_role": "Batsman",
   "player_batting_style": "Left-handed",
   "player_bowling_style": "Right-arm off-break",
   "player_nationality": "Australian",
   "player_dob": "29 December 1993",
   "destination_folder_name":"/IPL/Royal-Challengers-Bangalore/"
 },
 {
   "player_name": "Iqbal Abdulla",
   "player_img_url": "RoyalChallengersBangalore/iqbal_abdulla.png",
   "player_role": "Bowler",
   "player_batting_style": "Left-handed",
   "player_bowling_style": "Left-arm orthodox spin",
   "player_nationality": "Indian",
   "player_dob": "02 December 1989",
   "destination_folder_name":"/IPL/Royal-Challengers-Bangalore/"
 },
 {
   "player_name": "Kedar Jadhav",
   "player_img_url": "RoyalChallengersBangalore/kedar_jadhav.png",
   "player_role": "Batsman",
   "player_batting_style": "Right-handed",
   "player_bowling_style": "Right-arm off-spin",
   "player_nationality": "Indian",
   "player_dob": "26 March 1985",
   "destination_folder_name":"/IPL/Royal-Challengers-Bangalore/"
 },
 {
   "player_name": "Akshay Karnewar",
   "player_img_url": "RoyalChallengersBangalore/akshay_karnewar.png",
   "player_role": "Bowling",
   "player_batting_style": "-",
   "player_bowling_style": "-",
   "player_nationality": "Indian",
   "player_dob": "12 October 1992",
   "destination_folder_name":"/IPL/Royal-Challengers-Bangalore/"
 },
 {
   "player_name": "Sarfaraz Khan",
   "player_img_url": "RoyalChallengersBangalore/sarfaraz_khan.png",
   "player_role": "Batsman",
   "player_batting_style": "Right-hand",
   "player_bowling_style": "Right-arm off-spin",
   "player_nationality": "Indian",
   "player_dob": "22 October 1997",
   "destination_folder_name":"/IPL/Royal-Challengers-Bangalore/"
 },
 {
   "player_name": "Vikramjeet Malik",
   "player_img_url": "RoyalChallengersBangalore/vikramjeet_malik.png",
   "player_role": "Bowler",
   "player_batting_style": "Right-handed",
   "player_bowling_style": "Right-arm medium",
   "player_nationality": "Indian",
   "player_dob": "09 May 1983",
   "destination_folder_name":"/IPL/Royal-Challengers-Bangalore/"
 },
 {
   "player_name": "Mandeep Singh",
   "player_img_url": "RoyalChallengersBangalore/mandeep_singh.png",
   "player_role": "All-rounder",
   "player_batting_style": "Right-handed",
   "player_bowling_style": "Right-arm medium",
   "player_nationality": "Indian",
   "player_dob": "18 December 1991",
   "destination_folder_name":"/IPL/Royal-Challengers-Bangalore/"
 },
 {
   "player_name": "Adam Milne",
   "player_img_url": "RoyalChallengersBangalore/adam_milne.png",
   "player_role": "Bowler",
   "player_batting_style": "Right-handed",
   "player_bowling_style": "Right-arm fast",
   "player_nationality": "New Zealander",
   "player_dob": "13 April 1992",
   "destination_folder_name":"/IPL/Royal-Challengers-Bangalore/"
 },
 {
   "player_name": "Harshal Patel",
   "player_img_url": "RoyalChallengersBangalore/harshal_patel.png",
   "player_role": "Bowler",
   "player_batting_style": "Right-handed",
   "player_bowling_style": "Right-arm medium",
   "player_nationality": "Indian",
   "player_dob": "23 November 1990",
   "destination_folder_name":"/IPL/Royal-Challengers-Bangalore/"
 },
 {
   "player_name": "Lokesh Rahul",
   "player_img_url": "RoyalChallengersBangalore/lokesh_rahul.png",
   "player_role": "Wicketkeeper Batsman",
   "player_batting_style": "Right-handed",
   "player_bowling_style": "-",
   "player_nationality": "Indian",
   "player_dob": "18 April 1992",
   "destination_folder_name":"/IPL/Royal-Challengers-Bangalore/"
 },
 {
   "player_name": "Parveez Rasool",
   "player_img_url": "RoyalChallengersBangalore/parveez_rasool.png",
   "player_role": "Bowling All-rounder",
   "player_batting_style": "Right-handed",
   "player_bowling_style": "Right-arm off-spin",
   "player_nationality": "Indian",
   "player_dob": "13 February 1989",
   "destination_folder_name":"/IPL/Royal-Challengers-Bangalore/"
 },
 {
   "player_name": "Kane Richardson",
   "player_img_url": "RoyalChallengersBangalore/kane_richardson.png",
   "player_role": "Bowler",
   "player_batting_style": "Right-handed",
   "player_bowling_style": "Right-arm medium fast",
   "player_nationality": "Australian",
   "player_dob": "12 February 1991",
   "destination_folder_name":"/IPL/Royal-Challengers-Bangalore/"
 },
 {
   "player_name": "Sachin Baby",
   "player_img_url": "RoyalChallengersBangalore/sachin_baby.png",
   "player_role": "Batsman",
   "player_batting_style": "Left-handed",
   "player_bowling_style": "Right-arm off-spin",
   "player_nationality": "Indian",
   "player_dob": "18 December 1988",
   "destination_folder_name":"/IPL/Royal-Challengers-Bangalore/"
 },
 {
   "player_name": "Mitchell Starc",
   "player_img_url": "RoyalChallengersBangalore/mitchell_starc.png",
   "player_role": "Bowler",
   "player_batting_style": "Left-handed",
   "player_bowling_style": "Left-arm fast-medium",
   "player_nationality": "Australian",
   "player_dob": "30 January 1990",
   "destination_folder_name":"/IPL/Royal-Challengers-Bangalore/"
 },
 {
   "player_name": "Vikas Tokas",
   "player_img_url": "RoyalChallengersBangalore/vikas_tokas.png",
   "player_role": "Bowler",
   "player_batting_style": "Right-handed",
   "player_bowling_style": "Right-arm medium",
   "player_nationality": "Indian",
   "player_dob": "16 October 1986",
   "destination_folder_name":"/IPL/Royal-Challengers-Bangalore/"
 },
 {
   "player_name": "Shane Watson",
   "player_img_url": "RoyalChallengersBangalore/shane_watson.png",
   "player_role": "All-rounder",
   "player_batting_style": "Right-handed",
   "player_bowling_style": "Right-arm medium fast",
   "player_nationality": "Australian",
   "player_dob": "17 June 1981",
   "destination_folder_name":"/IPL/Royal-Challengers-Bangalore/"
 },
 {
   "player_name": "David Wiese",
   "player_img_url": "RoyalChallengersBangalore/david_wiese.png",
   "player_role": "All-rounder",
   "player_batting_style": "Right-hand",
   "player_bowling_style": "Right-arm medium-fast",
   "player_nationality": "South African",
   "player_dob": "18 May 1985",
   "destination_folder_name":"/IPL/Royal-Challengers-Bangalore/"
 },
 {
   "player_name": "Tabraiz Shamsi",
   "player_img_url": "http://static2.iplt20.com/players/284/3309.png",
   "player_role": "Bowler",
   "player_batting_style": "-",
   "player_bowling_style": "Left-Arm Chinaman",
   "player_nationality": "South African",
   "player_dob": "18 February 1990",
   "destination_folder_name":"/IPL/Royal-Challengers-Bangalore/"
 },
 {
   "player_name": "Chris Jordan",
   "player_img_url": "http://static2.iplt20.com/players/284/1299.png",
   "player_role": "Bowler",
   "player_batting_style": "Right-hand",
   "player_bowling_style": "Right-arm fast",
   "player_nationality": "English",
   "player_dob": "04 October 1988",
   "destination_folder_name":"/IPL/Royal-Challengers-Bangalore/"
 }
]
